Season,mean,median,std,count
Kharif,1826.493705357143,1888.31,900.5511346483553,448
Rabi,1574.8583928571427,1488.5549999999998,428.3152074957981,112
Annual,853.2065178571429,782.015,295.55798663907535,112
