Irrigation_Type,mean,median,std,count
Well,1971.830119047619,1908.12,954.9204544230034,168
Canal,1817.2625595238094,1763.95,876.9642854395629,168
Rainfed,1436.8418452380952,1357.935,691.1147552776188,168
Drip,1263.4252976190478,1175.2849999999999,613.9344268335241,168
